"X_id","Date","Line","Time","Day","Station","Code","Min.Delay","Min.Gap","Bound","Vehicle"
90,"2025-01-02T00:00:00","32 EGLINTON WEST","05:54","Thursday","EGLINTON WEST STATION","MFTO",10,15,"W",3747
527,"2025-01-06T00:00:00","32 EGLINTON WEST","10:42","Monday","EGLINTON AND CALEDONIA","MFUI",3,1,"E",7278
739,"2025-01-07T00:00:00","32 EGLINTON WEST","18:22","Tuesday","EGLINTON AND AVENUE","MFSH",10,20,"E",7305
763,"2025-01-07T00:00:00","32 EGLINTON WEST","00:34","Tuesday","EGLINTON WEST STATION","TFO",11,16,"W",7240
829,"2025-01-08T00:00:00","32 EGLINTON WEST","12:20","Wednesday","EGLINTON AND CALEDONIA","EFO",12,24,"E",7309
1174,"2025-01-10T00:00:00","32 EGLINTON WEST","22:56","Friday","EGLINTON AND EDEN VALL","EFP",12,24,"E",7220
1848,"2025-01-15T00:00:00","32 EGLINTON WEST","22:15","Wednesday","EGLINTON AND HEDDINGTO","SFDP",3,6,"W",7206
2001,"2025-01-17T00:00:00","32 EGLINTON WEST","06:56","Friday","EGLINTON AND SCOTT","EFO",12,24,"E",7324
2452,"2025-01-20T00:00:00","32 EGLINTON WEST","21:35","Monday","RENFORTH STATION","MFSAN",14,22,"S",7226
2457,"2025-01-20T00:00:00","32 EGLINTON WEST","22:12","Monday","TRETHEWAY AND JANE","EFHVA",11,22,"E",7300
2464,"2025-01-20T00:00:00","32 EGLINTON WEST","00:55","Monday","TRETHEWEY AND JANE","MFUS",22,41,"E",7246
2756,"2025-01-23T00:00:00","32 EGLINTON WEST","08:19","Thursday","EGLINTON STATION","EFO",9,18,"None",3732
2932,"2025-01-24T00:00:00","32 EGLINTON WEST","14:52","Friday","LAWRENCE AND JANE","MFSAN",10,20,"W",7237
2940,"2025-01-24T00:00:00","32 EGLINTON WEST","15:39","Friday","EGLINTON AND MARLEE","TFPD",10,20,"W",7306
3061,"2025-01-25T00:00:00","32 EGLINTON WEST","17:39","Saturday","EGLINTON AND RENFORTH","MFTO",12,24,"E",3730
3262,"2025-01-27T00:00:00","32 EGLINTON WEST","19:15","Monday","MOUNT DENNIS GARAGE","MFO",9,18,"E",7294
3445,"2025-01-28T00:00:00","32 EGLINTON WEST","20:04","Tuesday","EGLINTON AND CALEDONIA","MFWEA",0,0,"E",7261
4216,"2025-02-03T00:00:00","32 EGLINTON WEST","18:04","Monday","EGLINTON AND WESTON","EFP",20,40,"E",3737
4318,"2025-02-04T00:00:00","32 EGLINTON WEST","09:35","Tuesday","EGLINTON STATION","TFPD",8,16,"W",7318
4675,"2025-02-06T00:00:00","32 EGLINTON WEST","16:36","Thursday","EGLINTON AND DUFFERIN","TFPD",10,20,"E",3732
4685,"2025-02-06T00:00:00","32 EGLINTON WEST","19:04","Thursday","EGLINTON AND GABIAN WA","EFO",12,24,"W",7257
4801,"2025-02-07T00:00:00","32 EGLINTON WEST","16:43","Friday","EGLINTON AND DUFFERIN","EFO",10,20,"E",3746
5399,"2025-02-11T00:00:00","32 EGLINTON WEST","16:30","Tuesday","EGLINTON AND OLD PARK","MFUS",0,0,"W",0
6008,"2025-02-13T00:00:00","32 EGLINTON WEST","18:55","Thursday","DAVISVILLE STATION","MFVIS",30,60,"E",7259
6013,"2025-02-13T00:00:00","32 EGLINTON WEST","19:31","Thursday","EGLINTON AND GLENARDEN","TFPD",12,24,"W",7320
6324,"2025-02-15T00:00:00","32 EGLINTON WEST","12:37","Saturday","CALEDONIA AND EGLINTON","EFO",8,16,"W",7332
6676,"2025-02-16T00:00:00","32 EGLINTON WEST","18:50","Sunday","EMMETT AND VERONA","EFHVA",26,50,"E",3739
7328,"2025-02-19T00:00:00","32 EGLINTON WEST","08:08","Wednesday","EGLINTON AND THE EAST","EFO",6,16,"W",3737
7355,"2025-02-19T00:00:00","32 EGLINTON WEST","09:45","Wednesday","EGLINTON AND ORIOLE PA","TFPD",3,15,"W",7203
7392,"2025-02-19T00:00:00","32 EGLINTON WEST","12:42","Wednesday","EGLINTON STATION","MFO",13,26,"E",7281
8467,"2025-02-24T00:00:00","32 EGLINTON WEST","16:19","Monday","EGLINTON AND FLANDERS","TFPD",10,20,"E",3732
8478,"2025-02-24T00:00:00","32 EGLINTON WEST","17:04","Monday","EGLINTON AND DUFFERIN","MFSH",10,20,"E",7267
8666,"2025-02-25T00:00:00","32 EGLINTON WEST","15:31","Tuesday","EGLINTON AND GABIAN WA","MFUI",20,40,"W",3741
9339,"2025-02-28T00:00:00","32 EGLINTON WEST","10:32","Friday","EGLINTON AND ENNERDALE","SFO",12,24,"E",7231
9965,"2025-03-04T00:00:00","32 EGLINTON WEST","06:36","Tuesday","EGLINTON AND KEELE","EFO",15,41,"E",1340
10176,"2025-03-05T00:00:00","32 EGLINTON WEST","06:09","Wednesday","TRETHEWAY AND BROOKHAV","MFSH",111,121,"None",7308
10323,"2025-03-05T00:00:00","32 EGLINTON WEST","13:13","Wednesday","EGLINTON AND ELMSTHORP","TFOI",12,21,"E",7228
10560,"2025-03-06T00:00:00","32 EGLINTON WEST","17:27","Thursday","EMMETT AND VERONA","EFP",20,40,"N",7322
11360,"2025-03-12T00:00:00","32 EGLINTON WEST","14:04","Wednesday","EGLINTON WEST STATION","MFSH",10,20,"E",7325
11727,"2025-03-14T00:00:00","32 EGLINTON WEST","18:36","Friday","EGLINTON WEST STATION","EFO",8,20,"N",7287
11759,"2025-03-14T00:00:00","32 EGLINTON WEST","23:06","Friday","EGLINTON AND BATHURST","SFDP",0,0,"E",7300
11803,"2025-03-15T00:00:00","32 EGLINTON WEST","09:40","Saturday","DUPLEX AND EGLINTON","EFO",12,24,"S",1010
12764,"2025-03-21T00:00:00","32 EGLINTON WEST","17:54","Friday","EGLINTON W AND ALLEN","TFPD",9,18,"W",7324
12774,"2025-03-21T00:00:00","32 EGLINTON WEST","19:12","Friday","EGLINTON AND DUFFERIN","TFO",12,24,"W",3728
12838,"2025-03-22T00:00:00","32 EGLINTON WEST","13:19","Saturday","EGLINTON AND KEELE","TFCNO",12,24,"W",7243
12843,"2025-03-22T00:00:00","32 EGLINTON WEST","13:42","Saturday","EGLINTON AND DUFFERIN","MFSAN",12,24,"E",1102
12924,"2025-03-23T00:00:00","32 EGLINTON WEST","06:29","Sunday","WINCOTT AND EGLINTON W","MFDV",161,181,"None",7329
13019,"2025-03-23T00:00:00","32 EGLINTON WEST","20:12","Sunday","EGLINTON AND LITTLE","TFO",14,28,"E",7247
13297,"2025-03-25T00:00:00","32 EGLINTON WEST","15:52","Tuesday","EGLINTON WEST AND CALE","EFP",10,20,"E",3739
13302,"2025-03-25T00:00:00","32 EGLINTON WEST","16:16","Tuesday","MARLEE AND EGLINTON","MFUS",0,0,"N",0
13322,"2025-03-25T00:00:00","32 EGLINTON WEST","18:23","Tuesday","EGLINTON AND TRETHEWEY","TFCNO",10,20,"W",7333
13342,"2025-03-25T00:00:00","32 EGLINTON WEST","01:09","Tuesday","EGLINTON AND DUPLEX","MFUI",9,16,"E",7269
14379,"2025-04-02T00:00:00","32 EGLINTON WEST","07:10","Wednesday","EGLINTON STATION","EFO",6,12,"None",1334
14570,"2025-04-02T00:00:00","32 EGLINTON WEST","20:33","Wednesday","EGLINTON AND DUPLEX","MFUIR",10,20,"E",7276
14880,"2025-04-04T00:00:00","32 EGLINTON WEST","10:41","Friday","EGLINTON AND GLEN CEDA","MFUI",10,20,"E",7323
14930,"2025-04-04T00:00:00","32 EGLINTON WEST","17:43","Friday","RENFORTH STATION","EFD",10,20,"E",3732
14999,"2025-04-05T00:00:00","32 EGLINTON WEST","07:24","Saturday","545 TRETHEWEY DR","EFO",15,30,"E",1066
15035,"2025-04-05T00:00:00","32 EGLINTON WEST","12:37","Saturday","EGLINTON AND OAKWOOD","TFO",24,48,"E",1394
15188,"2025-04-06T00:00:00","32 EGLINTON WEST","16:16","Sunday","EGLINTON AND NAIRN","EFB",12,24,"N",7317
15423,"2025-04-08T00:00:00","32 EGLINTON WEST","06:35","Tuesday","EGLINTON AND AVENUE","MFDV",47,56,"W",7310
15494,"2025-04-08T00:00:00","32 EGLINTON WEST","08:26","Tuesday","EGLINTON AND BATHURST","TFPD",8,16,"W",1015
15640,"2025-04-09T00:00:00","32 EGLINTON WEST","07:16","Wednesday","EGLINTON STATION","SFO",7,14,"None",1045
16261,"2025-04-13T00:00:00","32 EGLINTON WEST","18:07","Sunday","EGLINTON AND TRETHEWEY","MFDV",164,176,"None",7314
16329,"2025-04-14T00:00:00","32 EGLINTON WEST","09:19","Monday","EGLINTON AND WESTON","EFO",13,16,"E",1004
16450,"2025-04-15T00:00:00","32 EGLINTON WEST","07:21","Tuesday","EGLINTON WEST STATION","EFP",6,14,"E",1373
16651,"2025-04-16T00:00:00","32 EGLINTON WEST","14:53","Wednesday","EGLINTON AND CHAPLIN","SFDP",10,20,"W",3728
16851,"2025-04-17T00:00:00","32 EGLINTON WEST","15:27","Thursday","EGLINTON WEST STATION","MFUS",0,0,"W",7323
17023,"2025-04-18T00:00:00","32 EGLINTON WEST","17:03","Friday","EMMETT AND VERONA","MFSAN",24,48,"W",7245
17185,"2025-04-19T00:00:00","32 EGLINTON WEST","18:33","Saturday","EGLINTON WEST STATION","TFPD",24,48,"None",1364
17186,"2025-04-19T00:00:00","32 EGLINTON WEST","18:33","Saturday","EGLINTON WEST STATION","TFPD",10,13,"None",1066
17590,"2025-04-22T00:00:00","32 EGLINTON WEST","18:03","Tuesday","EGLINTON AND GLENHOME","SFAE",0,0,"E",7326
18348,"2025-04-27T00:00:00","32 EGLINTON WEST","20:51","Sunday","EGLINTON AND HENNING","MFVIS",14,28,"W",7239
18887,"2025-04-30T00:00:00","32 EGLINTON WEST","15:33","Wednesday","EGLINTON AND ALAMEDA","TFPD",10,20,"W",7279
18932,"2025-04-30T00:00:00","32 EGLINTON WEST","20:34","Wednesday","EGLINTON WEST STATION","SFDP",25,50,"None",1045
19559,"2025-05-04T00:00:00","32 EGLINTON WEST","14:50","Sunday","EGLINTON AND WESTON","EFO",12,24,"E",7211
19727,"2025-05-05T00:00:00","32 EGLINTON WEST","01:17","Monday","EGLINTON STATION","TFCNO",15,30,"W",7248
19770,"2025-05-06T00:00:00","32 EGLINTON WEST","08:34","Tuesday","EGLINTON AND OLD PARK","TFPD",3,11,"W",7255
19950,"2025-05-07T00:00:00","32 EGLINTON WEST","10:57","Wednesday","RENFORTH TERMINAL","MFSAN",12,24,"None",7297
20056,"2025-05-07T00:00:00","32 EGLINTON WEST","22:12","Wednesday","EGLINTON AND HENNING A","MFVIS",14,28,"E",7239
20611,"2025-05-11T00:00:00","32 EGLINTON WEST","09:25","Sunday","EGLINTON AND TRETHEWAY","MFUS",0,0,"None",0
20732,"2025-05-12T00:00:00","32 EGLINTON WEST","07:21","Monday","EGLINTON AND EGLINTON","TFPD",8,16,"E",7244
21030,"2025-05-13T00:00:00","32 EGLINTON WEST","15:45","Tuesday","EGLINTON AND JANE","MFUS",0,0,"None",0
21043,"2025-05-13T00:00:00","32 EGLINTON WEST","16:35","Tuesday","EGLINTON AND KEELE","TFOI",10,20,"W",7255
21156,"2025-05-14T00:00:00","32 EGLINTON WEST","09:04","Wednesday","EGLINTON BETWEEN MENIN","MFDV",8,16,"None",0
21310,"2025-05-14T00:00:00","32 EGLINTON WEST","20:15","Wednesday","KEELE AND EGLINTON","MFDV",26,32,"E",1332
21327,"2025-05-14T00:00:00","32 EGLINTON WEST","23:18","Wednesday","EGLINTON WEST STATION","TFPD",24,48,"E",7235
21575,"2025-05-16T00:00:00","32 EGLINTON WEST","14:02","Friday","BLACK CREEK AND TRETHE","EFO",10,20,"W",7211
21799,"2025-05-17T00:00:00","32 EGLINTON WEST","21:12","Saturday","EGLINTON WEST STATION","EFO",14,28,"E",1332
22059,"2025-05-20T00:00:00","32 EGLINTON WEST","07:42","Tuesday","JANE AND TRETHEWEY","TFCNO",10,20,"E",1332
22083,"2025-05-20T00:00:00","32 EGLINTON WEST","09:10","Tuesday","KEELE AND EGLINTON","TFO",8,16,"W",7297
22121,"2025-05-20T00:00:00","32 EGLINTON WEST","13:30","Tuesday","EGLINTON STATION","MFUI",10,22,"None",1119
22122,"2025-05-20T00:00:00","32 EGLINTON WEST","13:31","Tuesday","EGLINTON AND HARVIE","TFO",0,0,"E",7256
22289,"2025-05-21T00:00:00","32 EGLINTON WEST","13:28","Wednesday","EGLINOTN AND MARLEE","MFUS",0,0,"None",0
22313,"2025-05-21T00:00:00","32 EGLINTON WEST","16:23","Wednesday","TRETHEWEY DR AND JANE","EFO",10,20,"W",1355
22509,"2025-05-22T00:00:00","32 EGLINTON WEST","11:03","Thursday","EGLINTON STATION","EFO",12,24,"None",7233
22551,"2025-05-22T00:00:00","32 EGLINTON WEST","13:41","Thursday","EGLINTON AND BATHURST","MFWEA",0,0,"None",0
22821,"2025-05-23T00:00:00","32 EGLINTON WEST","15:33","Friday","EGLINTON AND WINCOTT","MFDV",263,263,"W",1133
22839,"2025-05-23T00:00:00","32 EGLINTON WEST","16:49","Friday","EGLINTON AND KEELE","TFCNO",10,20,"W",1145
23071,"2025-05-25T00:00:00","32 EGLINTON WEST","09:22","Sunday","TRETHEWEY AND JANE","MFVIS",12,24,"E",7320
23146,"2025-05-25T00:00:00","32 EGLINTON WEST","19:23","Sunday","EGLINTON STATION","MFSAN",18,34,"W",7292
23240,"2025-05-26T00:00:00","32 EGLINTON WEST","13:05","Monday","EGLINTON STATION","TFCNO",12,24,"W",7228
23625,"2025-05-28T00:00:00","32 EGLINTON WEST","14:52","Wednesday","EGLINTON STATION","TFCNO",10,20,"W",3741
23712,"2025-05-28T00:00:00","32 EGLINTON WEST","23:29","Wednesday","BLACK CREEK AND TRETHE","EFO",16,32,"W",7318
23968,"2025-05-30T00:00:00","32 EGLINTON WEST","09:42","Friday","EGLINTON AND AVENUE","MFSH",13,20,"E",1334
24087,"2025-05-30T00:00:00","32 EGLINTON WEST","18:27","Friday","EGLINTON AND KEELE","EFO",10,20,"E",7300
24440,"2025-06-02T00:00:00","32 EGLINTON WEST","14:56","Monday","EGLINTON AND EMMETT","TFCNO",10,20,"E",7306
24513,"2025-06-03T00:00:00","32 EGLINTON WEST","04:27","Tuesday","EGLINTON STATION","TFCNO",10,20,"W",7257
24699,"2025-06-04T00:00:00","32 EGLINTON WEST","05:44","Wednesday","EGLINTON STATION","EFO",10,20,"W",7200
24710,"2025-06-04T00:00:00","32 EGLINTON WEST","06:41","Wednesday","RENFORTH STATION","TFCNO",10,20,"E",1333
25251,"2025-06-06T00:00:00","32 EGLINTON WEST","17:50","Friday","CALEDONIA AND EGLINTON","TFCNO",12,24,"W",7307
25500,"2025-06-07T00:00:00","32 EGLINTON WEST","23:00","Saturday","EGLINTON STATION","MFUS",0,0,"None",0
25544,"2025-06-08T00:00:00","32 EGLINTON WEST","12:15","Sunday","EGLINTON WEST STATION","TFPD",15,30,"None",7229
25778,"2025-06-09T00:00:00","32 EGLINTON WEST","00:32","Monday","EGLINTON AND CALEDONIA","EFO",20,40,"W",7280
25895,"2025-06-10T00:00:00","32 EGLINTON WEST","15:31","Tuesday","EGLINTON STATION - EGL","MFUS",0,0,"W",7216
26426,"2025-06-12T00:00:00","32 EGLINTON WEST","18:04","Thursday","RENFORTH STATION","EFO",10,20,"E",7312
26574,"2025-06-13T00:00:00","32 EGLINTON WEST","13:49","Friday","EGLINTON AND BLACKTHOR","MFUS",0,0,"None",0
26703,"2025-06-14T00:00:00","32 EGLINTON WEST","09:31","Saturday","RENFORTH STATION","EFO",12,24,"S",1354
26760,"2025-06-14T00:00:00","32 EGLINTON WEST","16:39","Saturday","EGLINTON WEST STATION","MFUS",0,0,"None",7315
26795,"2025-06-14T00:00:00","32 EGLINTON WEST","19:40","Saturday","RENFORTH STATION","MFVIS",14,28,"N",7286
27104,"2025-06-16T00:00:00","32 EGLINTON WEST","20:40","Monday","EGLINTON STATION","MFSH",7,14,"E",1349
27375,"2025-06-18T00:00:00","32 EGLINTON WEST","06:24","Wednesday","EGLINTON AND CALEDONIA","EFO",8,16,"None",1383
27592,"2025-06-18T00:00:00","32 EGLINTON WEST","22:39","Wednesday","EGLINTON AND DUPLEX","MFSH",16,32,"E",7210
27909,"2025-06-20T00:00:00","32 EGLINTON WEST","16:05","Friday","EGLINTON AND DUFFERIN","TFCNO",10,20,"S",1325
28583,"2025-06-23T00:00:00","32 EGLINTON WEST","14:23","Monday","RENFORTH STATION","EFHVA",12,24,"E",1337
28668,"2025-06-23T00:00:00","32 EGLINTON WEST","17:23","Monday","TRETHEWEY AND TODD BAY","EFHVA",10,20,"E",1383
28907,"2025-06-24T00:00:00","32 EGLINTON WEST","14:30","Tuesday","EGLINTON AND KEELE","MFSH",10,20,"E",7239
29053,"2025-06-24T00:00:00","32 EGLINTON WEST","21:50","Tuesday","EGLINTON WEST STATION","EFB",14,28,"E",1329
29060,"2025-06-24T00:00:00","32 EGLINTON WEST","22:43","Tuesday","TRETHEWEY AND JANE","MFUS",16,27,"E",7284
29061,"2025-06-24T00:00:00","32 EGLINTON WEST","22:44","Tuesday","EGLINTON AND DUPLEX","MFSH",16,32,"E",7243
29350,"2025-06-26T00:00:00","32 EGLINTON WEST","08:50","Thursday","TRETHWEY AND JANE","TFOI",8,16,"E",1079
29565,"2025-06-27T00:00:00","32 EGLINTON WEST","13:21","Friday","GENERAL DELAY","MFO",0,0,"None",7321
29712,"2025-06-28T00:00:00","32 EGLINTON WEST","12:27","Saturday","WESTON AND ORMONT","EFO",10,20,"S",3724
29859,"2025-06-29T00:00:00","32 EGLINTON WEST","16:00","Sunday","EGLINTON AND HARVIE","EFO",12,24,"E",7251
29884,"2025-06-29T00:00:00","32 EGLINTON WEST","19:05","Sunday","EGLINTON AND STRATHEAR","TFPD",16,32,"E",7284
29945,"2025-06-30T00:00:00","32 EGLINTON WEST","08:36","Monday","EGLINTON AND NAIRN","EFP",8,15,"E",7221
30060,"2025-07-01T00:00:00","32 EGLINTON WEST","05:07","Tuesday","EGLINTON STATION","EFO",15,30,"W",7260
30178,"2025-07-02T00:00:00","32 EGLINTON WEST","05:32","Wednesday","EGLINTON STATION","TFCNO",10,20,"None",3741
30639,"2025-07-04T00:00:00","32 EGLINTON WEST","17:19","Friday","TRETHEWEY AND JANE","EFO",10,20,"E",1371
30671,"2025-07-04T00:00:00","32 EGLINTON WEST","19:55","Friday","PINE AND LAWRENCE","MFSH",14,28,"N",1000
30771,"2025-07-05T00:00:00","32 EGLINTON WEST","13:50","Saturday","EMMETT AND VERONA","EFHVA",24,48,"W",1145
30988,"2025-07-06T00:00:00","32 EGLINTON WEST","22:01","Sunday","ISLINGTON AND EGLINTON","MFUS",0,0,"W",7223
31092,"2025-07-07T00:00:00","32 EGLINTON WEST","14:29","Monday","MOUNT DENNIS GARAGE","TFO",29,58,"W",1337
31210,"2025-07-08T00:00:00","32 EGLINTON WEST","06:14","Tuesday","EGLINTON STATION","EFD",10,20,"W",7310
31302,"2025-07-08T00:00:00","32 EGLINTON WEST","15:55","Tuesday","EGLINTON AND AVENUE","MFSAN",10,20,"W",3735
31503,"2025-07-09T00:00:00","32 EGLINTON WEST","18:23","Wednesday","RENTFORTH STATION","TFOI",12,24,"None",7299
31518,"2025-07-09T00:00:00","32 EGLINTON WEST","19:26","Wednesday","EGLINTON AND DUPLEX","EFB",12,24,"E",1342
31524,"2025-07-09T00:00:00","32 EGLINTON WEST","20:03","Wednesday","EGLINTON AND DUFFERIN","EFO",14,28,"W",1332
32056,"2025-07-12T00:00:00","32 EGLINTON WEST","17:56","Saturday","JANE AND HARDING","EFO",12,24,"E",6093
32472,"2025-07-15T00:00:00","32 EGLINTON WEST","11:05","Tuesday","EGLINTON WEST STATION","MFSAN",14,28,"W",7289
32473,"2025-07-15T00:00:00","32 EGLINTON WEST","11:09","Tuesday","EGLINTON AND KEELE","EFO",12,24,"W",7305
32665,"2025-07-16T00:00:00","32 EGLINTON WEST","12:35","Wednesday","EGLINTON WEST STATION","EFO",12,24,"E",7270
32903,"2025-07-17T00:00:00","32 EGLINTON WEST","16:45","Thursday","EGLINTON AND KEELE","MFUS",0,0,"None",0
32910,"2025-07-17T00:00:00","32 EGLINTON WEST","16:53","Thursday","EGLINTON AND CALEDONIA","MFDV",45,65,"E",1000
33046,"2025-07-18T00:00:00","32 EGLINTON WEST","10:58","Friday","EMMETT AND VERONA","MFSAN",24,48,"E",7215
33123,"2025-07-18T00:00:00","32 EGLINTON WEST","16:46","Friday","EGLINTON AND RICHARDSO","MFUS",0,0,"None",0
33217,"2025-07-19T00:00:00","32 EGLINTON WEST","07:15","Saturday","EGLINTON WEST STATION","EFO",15,30,"N",1332
33256,"2025-07-19T00:00:00","32 EGLINTON WEST","12:15","Saturday","EGLINTON STATION","TFCNO",12,26,"W",7324
33424,"2025-07-20T00:00:00","32 EGLINTON WEST","10:15","Sunday","EGLINTON STATION","EFO",8,16,"E",7239
33464,"2025-07-20T00:00:00","32 EGLINTON WEST","16:10","Sunday","EGLINTON AND BLACKTHOR","MFTO",12,24,"W",7207
33603,"2025-07-21T00:00:00","32 EGLINTON WEST","13:50","Monday","JANE AND TRETHEWEY","MFSH",10,20,"W",7254
33629,"2025-07-21T00:00:00","32 EGLINTON WEST","16:04","Monday","RENFORTH STATION","EFD",10,20,"S",7274
33645,"2025-07-21T00:00:00","32 EGLINTON WEST","18:06","Monday","EGLINTON AND SCARLETT","TFPD",10,20,"W",1369
33776,"2025-07-22T00:00:00","32 EGLINTON WEST","16:05","Tuesday","EGLINTON AND SCARLETT","EFP",10,20,"W",7269
33914,"2025-07-23T00:00:00","32 EGLINTON WEST","14:37","Wednesday","EGLINTON AND RICHARDSO","EFO",12,24,"W",1369
34051,"2025-07-24T00:00:00","32 EGLINTON WEST","11:08","Thursday","EGLINTON STATION","EFB",12,24,"W",1383
34113,"2025-07-24T00:00:00","32 EGLINTON WEST","15:59","Thursday","TRETHEWAY AND PLATINUM","TFO",10,20,"E",1102
34754,"2025-07-28T00:00:00","32 EGLINTON WEST","13:35","Monday","EGLINTON AND OLD PARK","TFOI",12,24,"W",7267
34825,"2025-07-28T00:00:00","32 EGLINTON WEST","22:04","Monday","EGLINTON AND BLACKHORN","EFP",10,20,"W",7330
34974,"2025-07-29T00:00:00","32 EGLINTON WEST","18:44","Tuesday","EGLINTON AND LOCKSLEY","SFDP",11,22,"W",7314
35033,"2025-07-30T00:00:00","32 EGLINTON WEST","07:33","Wednesday","EGLINTON AND CALEDONIA","SFO",8,16,"W",7203
35263,"2025-07-31T00:00:00","32 EGLINTON WEST","11:34","Thursday","EGLINTON STATION","MFSH",12,24,"W",7301
36049,"2025-08-05T00:00:00","32 EGLINTON WEST","18:53","Tuesday","EGLINTON AND BLACKTHOR","EFP",5,13,"W",6090
36095,"2025-08-06T00:00:00","32 EGLINTON WEST","06:54","Wednesday","EGLINTON AND ALLEN","TFPD",8,16,"E",1371
36105,"2025-08-06T00:00:00","32 EGLINTON WEST","08:31","Wednesday","EGLINTON STATION","EFHVA",8,16,"W",1357
36111,"2025-08-06T00:00:00","32 EGLINTON WEST","09:06","Wednesday","EGLINTON WEST STATION","EFD",8,16,"E",1325
36257,"2025-08-07T00:00:00","32 EGLINTON WEST","07:05","Thursday","RENFORTH STATION","TFO",8,16,"E",7317
36300,"2025-08-07T00:00:00","32 EGLINTON WEST","12:45","Thursday","EGLINTON AND BATHURST","MFDV",108,120,"W",1351
36324,"2025-08-07T00:00:00","32 EGLINTON WEST","15:26","Thursday","EGLINTON STATION","EFRA",10,20,"W",7246
36409,"2025-08-08T00:00:00","32 EGLINTON WEST","06:40","Friday","EGLINTON STATION","EFP",8,16,"W",1415
36410,"2025-08-08T00:00:00","32 EGLINTON WEST","06:42","Friday","EGLINTON AND CALEDONIA","EFD",7,15,"None",1013
37124,"2025-08-12T00:00:00","32 EGLINTON WEST","15:37","Tuesday","EGLINTON STATION","TFCNO",3,8,"W",3726
37173,"2025-08-12T00:00:00","32 EGLINTON WEST","20:30","Tuesday","KEELE TO CALEDONIA","MFUS",0,0,"E",7333
37343,"2025-08-13T00:00:00","32 EGLINTON WEST","13:41","Wednesday","EGLINTON AND BATHURST","EFD",12,24,"W",6095
37346,"2025-08-13T00:00:00","32 EGLINTON WEST","13:55","Wednesday","AVENUE AND EGLINTON","EFO",14,24,"S",6078
37508,"2025-08-14T00:00:00","32 EGLINTON WEST","06:48","Thursday","EGLINTON WEST STATION","EFO",15,31,"None",6095
37578,"2025-08-14T00:00:00","32 EGLINTON WEST","14:38","Thursday","EGLINTON AND SCARLET","TFPD",10,17,"E",6085
37639,"2025-08-14T00:00:00","32 EGLINTON WEST","19:37","Thursday","EGLINTON AND OLD FORES","TFPD",9,12,"W",7211
37940,"2025-08-16T00:00:00","32 EGLINTON WEST","14:31","Saturday","EGLINTON AND GLENHOLME","MFUS",23,0,"W",6084
38041,"2025-08-16T00:00:00","32 EGLINTON WEST","22:27","Saturday","OAKWOOD AND ST CLAIR","MFESA",14,28,"None",7304
38110,"2025-08-17T00:00:00","32 EGLINTON WEST","12:47","Sunday","EGLINTON AND DUFFERIN","MFSH",7,15,"E",7282
38169,"2025-08-17T00:00:00","32 EGLINTON WEST","21:40","Sunday","EGLINTON AND DUFFERIN","TFCNO",14,28,"W",7304
38274,"2025-08-18T00:00:00","32 EGLINTON WEST","12:52","Monday","EGLNTON WEST STATION","TFOI",12,24,"None",7262
38447,"2025-08-19T00:00:00","32 EGLINTON WEST","15:16","Tuesday","EGLINTON|KEELE TO","MFUS",0,0,"None",3739
38706,"2025-08-20T00:00:00","32 EGLINTON WEST","15:48","Wednesday","KEELE AND EGLINTON","MFUS",0,0,"None",7228
38768,"2025-08-20T00:00:00","32 EGLINTON WEST","19:18","Wednesday","EGLINTON AND LOCKSLEY","TFOI",11,21,"W",7262
38967,"2025-08-21T00:00:00","32 EGLINTON WEST","22:03","Thursday","EGLINTON AND KANE","SFDP",12,24,"E",1342
39072,"2025-08-22T00:00:00","32 EGLINTON WEST","13:47","Friday","OAKWOOD AND EGLINTON","MFUS",0,0,"None",7319
39224,"2025-08-23T00:00:00","32 EGLINTON WEST","11:19","Saturday","MOUNT DENNIS GARAGE","MFVIS",12,24,"S",6092
39525,"2025-08-24T00:00:00","32 EGLINTON WEST","22:23","Sunday","WESTON AND EGLINTON","SFO",6,12,"E",7244
39567,"2025-08-25T00:00:00","32 EGLINTON WEST","05:52","Monday","EGLINTON AND JANE","MFSH",10,20,"E",7323
39605,"2025-08-25T00:00:00","32 EGLINTON WEST","08:11","Monday","EGLINTON STATION - 34","MFUIR",10,0,"None",7267
39639,"2025-08-25T00:00:00","32 EGLINTON WEST","12:22","Monday","MARTIN GROVE AND EGLIN","TFCNO",12,24,"W",7328
39914,"2025-08-27T00:00:00","32 EGLINTON WEST","05:09","Wednesday","EGLINTON STATION","SFDP",0,0,"None",7255
39934,"2025-08-27T00:00:00","32 EGLINTON WEST","08:02","Wednesday","200 EMMETT","MFDV",115,131,"None",7271
40047,"2025-08-27T00:00:00","32 EGLINTON WEST","17:28","Wednesday","EGLINTON AND KEELE","EFD",3,13,"N",3732
40074,"2025-08-27T00:00:00","32 EGLINTON WEST","19:32","Wednesday","MOUNT DENNIS GARAGE","TFPD",0,0,"None",7307
40308,"2025-08-28T00:00:00","32 EGLINTON WEST","22:10","Thursday","EMMETT AND VERONA","TFCNO",25,56,"E",7279
40407,"2025-08-29T00:00:00","32 EGLINTON WEST","10:41","Friday","EGLINTON WEST STATION","MFVIS",12,24,"None",7243
40527,"2025-08-29T00:00:00","32 EGLINTON WEST","20:38","Friday","EGLINTON AND CHAPLIN","EFD",10,20,"E",7202
40684,"2025-08-30T00:00:00","32 EGLINTON WEST","17:01","Saturday","EGLINTON WEST STATION","TFCNO",24,48,"W",7247
41174,"2025-09-03T00:00:00","32 EGLINTON WEST","07:08","Wednesday","AVENUE AND EGLINTON","MFSH",8,16,"E",7260
41257,"2025-09-03T00:00:00","32 EGLINTON WEST","14:41","Wednesday","EGLINTON AND KEELE","MFTO",10,20,"E",7258
41544,"2025-09-04T00:00:00","32 EGLINTON WEST","17:41","Thursday","EGLINTON AND RICHARDSO","TFPD",21,41,"E",7244
42216,"2025-09-09T00:00:00","32 EGLINTON WEST","10:31","Tuesday","EGLINTON AND KEELE","TFCNO",16,32,"E",7278
42660,"2025-09-11T00:00:00","32 EGLINTON WEST","13:29","Thursday","2635 EGLINTON AVE W","TFO",24,48,"E",6089
43219,"2025-09-15T00:00:00","32 EGLINTON WEST","06:10","Monday","RENFORTH STATION","MFSAN",7,15,"E",7233
43441,"2025-09-16T00:00:00","32 EGLINTON WEST","07:27","Tuesday","EGLINTON WEST STATION","MFUS",0,0,"E",0
43749,"2025-09-17T00:00:00","32 EGLINTON WEST","17:18","Wednesday","EGLINTON AND ISLINGTON","SFDP",10,20,"E",7216
43812,"2025-09-18T00:00:00","32 EGLINTON WEST","05:38","Thursday","EGLINTON STATION","TFCNO",10,20,"None",0
43971,"2025-09-19T00:00:00","32 EGLINTON WEST","02:31","Friday","EGLINTON AND KIPLING","MFSAN",25,55,"E",7311
44163,"2025-09-20T00:00:00","32 EGLINTON WEST","06:25","Saturday","EGLINTON AND JANE","TFCNO",28,51,"W",7230
44176,"2025-09-20T00:00:00","32 EGLINTON WEST","08:35","Saturday","EGLINTON STATION","TFCNO",12,34,"W",7301
44290,"2025-09-20T00:00:00","32 EGLINTON WEST","18:45","Saturday","EGLINTON AND CALEDONIA","TFPD",12,24,"E",7279
44416,"2025-09-21T00:00:00","32 EGLINTON WEST","18:58","Sunday","RENFORTH STATION","MFUIR",13,26,"W",7307
44579,"2025-09-22T00:00:00","32 EGLINTON WEST","14:35","Monday","MOUNT DENNIS GARAGE","EFB",0,0,"None",1324
44684,"2025-09-23T00:00:00","32 EGLINTON WEST","06:36","Tuesday","EGLINTON STATION","MFSH",8,16,"None",7238
44920,"2025-09-24T00:00:00","32 EGLINTON WEST","05:32","Wednesday","EGLINTON STATION","TFCNO",10,20,"None",1334
45141,"2025-09-25T00:00:00","32 EGLINTON WEST","07:10","Thursday","EGLINTON AND RENFORTH","SFO",8,16,"S",7323
45295,"2025-09-25T00:00:00","32 EGLINTON WEST","21:06","Thursday","EGLINTON BETWEEN DUFFE","MFUS",0,0,"W",0
45338,"2025-09-26T00:00:00","32 EGLINTON WEST","05:38","Friday","EGLINTON STATION","MFSH",10,20,"None",7299
45354,"2025-09-26T00:00:00","32 EGLINTON WEST","06:00","Friday","EGLINTON STATION","MFSH",10,20,"None",7255
45680,"2025-09-27T00:00:00","32 EGLINTON WEST","19:30","Saturday","EMMET AND VERONA","TFCNO",18,36,"W",7290
45684,"2025-09-27T00:00:00","32 EGLINTON WEST","19:43","Saturday","EGLINTON AND OAKWOOD","MFDV",17,25,"E",7318
45883,"2025-09-29T00:00:00","32 EGLINTON WEST","06:41","Monday","RENFORTH STATION","TFCNO",10,20,"None",7278
46072,"2025-09-30T00:00:00","32 EGLINTON WEST","06:03","Tuesday","EGLINTON STATION","MFSH",10,20,"W",1354
46457,"2025-10-01T00:00:00","32 EGLINTON WEST","17:35","Wednesday","EGLINTON AND BATHURST","TFCNO",10,20,"E",7260
46458,"2025-10-01T00:00:00","32 EGLINTON WEST","17:35","Wednesday","EGLINTON AND BATHURST","TFCNO",10,20,"E",7260
46517,"2025-10-02T00:00:00","32 EGLINTON WEST","05:32","Thursday","EGLINTON STATION","TFCNO",10,20,"None",7214
46585,"2025-10-02T00:00:00","32 EGLINTON WEST","12:47","Thursday","EGLINTON AND KEELE","TFCNO",12,24,"E",7275
46709,"2025-10-02T00:00:00","32 EGLINTON WEST","20:18","Thursday","EGLINTON STATION","MFSAN",14,28,"E",7289
46756,"2025-10-03T00:00:00","32 EGLINTON WEST","07:21","Friday","RENFORTH STATION","TFCNO",10,27,"E",7285
46881,"2025-10-03T00:00:00","32 EGLINTON WEST","18:19","Friday","EGLINTON AND KEELE","TFCNO",8,16,"E",7249
46899,"2025-10-03T00:00:00","32 EGLINTON WEST","19:38","Friday","EGLINTON STATION","EFO",12,24,"None",7201
46964,"2025-10-04T00:00:00","32 EGLINTON WEST","11:38","Saturday","EGLINTON AND RONALD","TFCNO",12,24,"W",7229
47009,"2025-10-04T00:00:00","32 EGLINTON WEST","15:30","Saturday","EGLINTON WEST STATION","EFB",12,24,"None",7239
47010,"2025-10-04T00:00:00","32 EGLINTON WEST","15:41","Saturday","EGLINTON STATION","SFDP",0,0,"None",1415
47041,"2025-10-04T00:00:00","32 EGLINTON WEST","19:07","Saturday","EGLINTON STATION","MFTO",12,24,"W",6082
47642,"2025-10-08T00:00:00","32 EGLINTON WEST","10:00","Wednesday","EGLINTON AND DUFFERIN","TFPD",12,24,"W",7267
47655,"2025-10-08T00:00:00","32 EGLINTON WEST","11:09","Wednesday","EGLINTON STATION","TFO",12,24,"None",1342
47912,"2025-10-09T00:00:00","32 EGLINTON WEST","18:10","Thursday","901 EGLINTON AVE W","EFO",8,16,"W",3737
48305,"2025-10-11T00:00:00","32 EGLINTON WEST","01:20","Saturday","EGLINTON AND GLENHOLME","EFO",15,30,"E",7246
48419,"2025-10-13T00:00:00","32 EGLINTON WEST","08:53","Monday","EGLINTON AND BATHURST","EFD",15,24,"W",1383
48953,"2025-10-16T00:00:00","32 EGLINTON WEST","15:11","Thursday","RENFORTH STATION","EFO",10,20,"N",1362
48967,"2025-10-16T00:00:00","32 EGLINTON WEST","16:49","Thursday","EGLINTON AND BATHURST","TFCNO",10,20,"W",7258
49011,"2025-10-16T00:00:00","32 EGLINTON WEST","00:27","Thursday","CALENDONIA AND EGLINTO","MFSAN",16,32,"W",7310
49259,"2025-10-18T00:00:00","32 EGLINTON WEST","16:43","Saturday","EGLINTON WEST STATION","MFUS",0,0,"None",0
49267,"2025-10-18T00:00:00","32 EGLINTON WEST","17:47","Saturday","EGLINTON AND KEELE","TFPD",12,24,"W",1355
49600,"2025-10-21T00:00:00","32 EGLINTON WEST","06:25","Tuesday","MAIN STREET STATION","EFO",12,24,"S",6065
49825,"2025-10-22T00:00:00","32 EGLINTON WEST","08:25","Wednesday","JANE AND TRETHEWEY","MFTO",8,16,"E",1396
49959,"2025-10-23T00:00:00","32 EGLINTON WEST","05:11","Thursday","EGLINTON AND KEELE","TFCNO",10,20,"E",7310
49963,"2025-10-23T00:00:00","32 EGLINTON WEST","05:22","Thursday","EGLINTON STATION","TFCNO",10,20,"W",7264
50087,"2025-10-23T00:00:00","32 EGLINTON WEST","16:51","Thursday","DUPLEX AND EGLINTON","TFO",10,20,"N",7273
50109,"2025-10-23T00:00:00","32 EGLINTON WEST","18:07","Thursday","EGLINTON WEST STATION","TFOI",10,20,"None",7264
50306,"2025-10-24T00:00:00","32 EGLINTON WEST","17:57","Friday","JANE AND TRETHEWEY","EFO",10,20,"W",1342
50499,"2025-10-25T00:00:00","32 EGLINTON WEST","21:02","Saturday","TRETHEWAY AND JANE","SFAE",14,25,"W",7208
50507,"2025-10-25T00:00:00","32 EGLINTON WEST","21:31","Saturday","GABIAN AND EGLINTON","MFDV",29,51,"None",1370
50666,"2025-10-27T00:00:00","32 EGLINTON WEST","06:16","Monday","EGLINTON AND KEELE","MFTO",24,24,"E",1340
50667,"2025-10-27T00:00:00","32 EGLINTON WEST","06:28","Monday","EGLINTON AND RONALD","EFO",10,20,"W",1321
51314,"2025-10-30T00:00:00","32 EGLINTON WEST","14:32","Thursday","EGLINTON AND WIDDICOMB","MFUS",20,26,"None",7230
51367,"2025-10-30T00:00:00","32 EGLINTON WEST","18:30","Thursday","EGLINTON AND BLACK CRE","MFTO",10,20,"W",7322
51501,"2025-10-31T00:00:00","32 EGLINTON WEST","13:32","Friday","EGLINTON AND TRETHEWEY","TFCNO",14,28,"W",7329
51781,"2025-11-02T00:00:00","32 EGLINTON WEST","04:37","Sunday","EGLINTON AND JANE","MFUS",0,0,"W",0
52040,"2025-11-04T00:00:00","32 EGLINTON WEST","05:28","Tuesday","EGLINTON STATION","TFCNO",10,20,"E",1402
52060,"2025-11-04T00:00:00","32 EGLINTON WEST","08:09","Tuesday","EGLINTON WEST STATION","TFCNO",8,16,"E",7317
52149,"2025-11-04T00:00:00","32 EGLINTON WEST","17:04","Tuesday","EGLINTON AND ELMSTHORP","TFOI",10,20,"E",7260
52156,"2025-11-04T00:00:00","32 EGLINTON WEST","17:29","Tuesday","EGLINTON AND RONALD","TFCNO",10,20,"W",7317
52240,"2025-11-05T00:00:00","32 EGLINTON WEST","09:57","Wednesday","JANE AND TRETHEWEY","MFSH",12,24,"E",1369
52453,"2025-11-06T00:00:00","32 EGLINTON WEST","11:27","Thursday","EGLINTON AND OLD FORES","MFDV",92,102,"W",7254
52465,"2025-11-06T00:00:00","32 EGLINTON WEST","13:18","Thursday","EGLINTON STATION","MFUIR",0,0,"None",7313
52481,"2025-11-06T00:00:00","32 EGLINTON WEST","14:28","Thursday","EGLINTON STATION","MFSAN",10,20,"E",7229
52540,"2025-11-06T00:00:00","32 EGLINTON WEST","17:54","Thursday","132 RANGOON RD","EFO",8,16,"E",7208
52561,"2025-11-06T00:00:00","32 EGLINTON WEST","20:29","Thursday","TRETHEWEY AND JANE","EFB",14,28,"E",1317
52650,"2025-11-07T00:00:00","32 EGLINTON WEST","14:03","Friday","2614 EGLINTON AVE W","MFUS",26,30,"W",7248
52666,"2025-11-07T00:00:00","32 EGLINTON WEST","15:16","Friday","RENFORTH STATIOPN","EFO",10,20,"S",1369
52802,"2025-11-08T00:00:00","32 EGLINTON WEST","10:54","Saturday","EGLINTON AND TRETHEWEY","EFO",12,24,"W",1342
52823,"2025-11-08T00:00:00","32 EGLINTON WEST","12:57","Saturday","EGLINTON WEST STATION","MFSH",12,24,"None",7316
52894,"2025-11-08T00:00:00","32 EGLINTON WEST","19:13","Saturday","EGLINTON AND BLACKTHOR","EFO",14,28,"W",7270
52989,"2025-11-09T00:00:00","32 EGLINTON WEST","15:37","Sunday","EGLINTON AND GLEN CEDA","MFWEA",12,24,"E",7278
53010,"2025-11-09T00:00:00","32 EGLINTON WEST","17:19","Sunday","EGLINTON STATION TO RE","MFWEA",0,0,"None",1415
53040,"2025-11-09T00:00:00","32 EGLINTON WEST","21:54","Sunday","EGLINTON AND MARLEE","EFO",25,50,"W",7309
53108,"2025-11-10T00:00:00","32 EGLINTON WEST","07:55","Monday","EGLINTON GARAGE","TFO",10,20,"W",7217
53303,"2025-11-10T00:00:00","32 EGLINTON WEST","22:25","Monday","EGLINTON AND NAIRN","MFDV",87,103,"E",1305
53536,"2025-11-12T00:00:00","32 EGLINTON WEST","05:28","Wednesday","JANE AND TRETHEWEY","TFO",10,20,"N",7204
53785,"2025-11-12T00:00:00","32 EGLINTON WEST","20:40","Wednesday","EGLINTON STATION","MFTO",14,28,"None",1349
53959,"2025-11-13T00:00:00","32 EGLINTON WEST","13:05","Thursday","EGLINTON AND MARLEE","MFSH",12,24,"E",7270
54299,"2025-11-14T00:00:00","32 EGLINTON WEST","15:22","Friday","1015 WILLIAM R. ALLEN","MFSAN",10,20,"N",7238
54837,"2025-11-17T00:00:00","32 EGLINTON WEST","14:28","Monday","EGLINTON AND CALEDONIA","EFD",10,20,"W",1333
55087,"2025-11-19T00:00:00","32 EGLINTON WEST","06:12","Wednesday","EGLINTON AND DUFFERIN","MFSAN",10,20,"E",7260
55195,"2025-11-19T00:00:00","32 EGLINTON WEST","16:46","Wednesday","EGLINTON AND OAKWOOD","EFO",10,18,"E",1381
55363,"2025-11-20T00:00:00","32 EGLINTON WEST","15:00","Thursday","EGLINTON AND KEELE","EFHVA",10,20,"E",7311
55372,"2025-11-20T00:00:00","32 EGLINTON WEST","15:36","Thursday","EGLINTON WEST AND ALAM","TFPD",20,40,"E",7328
55565,"2025-11-21T00:00:00","32 EGLINTON WEST","15:05","Friday","EGLINTON AND DUFFERIN","MFTO",10,20,"E",7262
55579,"2025-11-21T00:00:00","32 EGLINTON WEST","15:30","Friday","EGLINTON AND DUFFERIN","MFSH",10,20,"E",7310
55817,"2025-11-23T00:00:00","32 EGLINTON WEST","05:06","Sunday","EGLINTON AND MUNICIPAL","TFPD",30,0,"W",7234
56066,"2025-11-24T00:00:00","32 EGLINTON WEST","22:58","Monday","EGLINTON WEST STATION","SFDP",8,16,"None",7310
56185,"2025-11-25T00:00:00","32 EGLINTON WEST","15:55","Tuesday","RENFORTH STATION","EFO",10,20,"None",1358
56187,"2025-11-25T00:00:00","32 EGLINTON WEST","15:56","Tuesday","EGLINTON AND CALDONIA","MFUS",0,0,"W",1353
56391,"2025-11-26T00:00:00","32 EGLINTON WEST","17:26","Wednesday","EGLINTON AND MARLEE","MFSH",19,48,"E",7269
57051,"2025-11-29T00:00:00","32 EGLINTON WEST","19:46","Saturday","EMMETT AND JANE","MFVIS",28,56,"N",1327
57064,"2025-11-29T00:00:00","32 EGLINTON WEST","21:06","Saturday","EGLINTON STATION","MFTO",14,28,"W",7330
57490,"2025-12-02T00:00:00","32 EGLINTON WEST","09:50","Tuesday","863 EGLINTON AVE W","MFSH",8,17,"E",7317
57718,"2025-12-03T00:00:00","32 EGLINTON WEST","16:05","Wednesday","EGLINTON STATION","MFUS",0,0,"W",7297
57830,"2025-12-04T00:00:00","32 EGLINTON WEST","08:51","Thursday","EGLINTON WEST STATION","MFUS",0,0,"W",7252
57859,"2025-12-04T00:00:00","32 EGLINTON WEST","10:52","Thursday","EGLINTON AND OAKWOOD","SFDP",12,24,"E",1399
57869,"2025-12-04T00:00:00","32 EGLINTON WEST","12:37","Thursday","WRIGHT AND JANE","EFO",12,24,"W",1310
58097,"2025-12-05T00:00:00","32 EGLINTON WEST","14:27","Friday","EGLINTON AND RANGOON","MFUS",0,0,"W",7264
58384,"2025-12-07T00:00:00","32 EGLINTON WEST","11:39","Sunday","EGLINTON AND CALEDONIA","EFO",15,30,"E",7253
58496,"2025-12-08T00:00:00","32 EGLINTON WEST","05:29","Monday","EGLINTON AND MARTIN GR","MFSH",10,17,"W",7330
58504,"2025-12-08T00:00:00","32 EGLINTON WEST","05:44","Monday","MT DENNIS GARAGE","MFSH",10,20,"S",1394
58615,"2025-12-08T00:00:00","32 EGLINTON WEST","14:47","Monday","EGLINTON AND OLD FORES","EFHVA",10,20,"W",7225
58935,"2025-12-10T00:00:00","32 EGLINTON WEST","04:35","Wednesday","TERMINAL 3","MFUIR",30,60,"None",7214
59016,"2025-12-10T00:00:00","32 EGLINTON WEST","10:04","Wednesday","EGLINTON STATION","MFSH",8,16,"N",7255
59335,"2025-12-11T00:00:00","32 EGLINTON WEST","15:49","Thursday","EGLINTON AND MARLEE","MFSH",10,20,"N",7203
59466,"2025-12-12T00:00:00","32 EGLINTON WEST","09:55","Friday","EGLINTON AND EDEN VALL","MFUS",0,0,"W",7280
59835,"2025-12-14T00:00:00","32 EGLINTON WEST","07:14","Sunday","EGLINTON AND BATHURST","MFDV",33,43,"W",7268
60109,"2025-12-15T00:00:00","32 EGLINTON WEST","19:41","Monday","PINE AND LAWRENCE","SFDP",12,26,"N",1321
60196,"2025-12-16T00:00:00","32 EGLINTON WEST","11:57","Tuesday","EGLINTON AND BLACK CRE","SFDP",0,0,"E",1354
60850,"2025-12-20T00:00:00","32 EGLINTON WEST","06:38","Saturday","EGLINTON AND BATHURST","MFDV",77,92,"E",7261
61074,"2025-12-21T00:00:00","32 EGLINTON WEST","17:22","Sunday","EGLINTON AND OLD PARK","EFO",12,24,"W",7318
61179,"2025-12-22T00:00:00","32 EGLINTON WEST","11:44","Monday","EGLINTON STATION","MFSH",12,24,"E",1358
61211,"2025-12-22T00:00:00","32 EGLINTON WEST","14:11","Monday","EGLINTON AND BLAKTHORN","MFUS",0,0,"W",0
61325,"2025-12-23T00:00:00","32 EGLINTON WEST","04:13","Tuesday","EGLINTON AND RUSSELL","MFWEA",30,60,"W",7261
61781,"2025-12-25T00:00:00","32 EGLINTON WEST","21:20","Thursday","EGLINTON AND SCARLETT","MFPI",24,38,"W",7324
61923,"2025-12-26T00:00:00","32 EGLINTON WEST","17:52","Friday","EGLINTON AND BATHURST","MFWEA",12,24,"E",7202
62253,"2025-12-28T00:00:00","32 EGLINTON WEST","14:46","Sunday","EGLINTON STATION","EFO",12,24,"E",7298
62547,"2025-12-29T00:00:00","32 EGLINTON WEST","16:18","Monday","EGLINTON AND ROYAL YOR","EFO",10,20,"E",7246
62729,"2025-12-30T00:00:00","32 EGLINTON WEST","14:06","Tuesday","RENFORTH STATION","EFO",10,20,"None",1362
62985,"2025-12-31T00:00:00","32 EGLINTON WEST","19:18","Wednesday","EGLINTON AND BRAEMAR","TFOI",0,0,"E",1381
63018,"2025-12-31T00:00:00","32 EGLINTON WEST","23:08","Wednesday","EGLINTON AND VENN","EFO",16,32,"E",7241
63045,"2026-01-01T00:00:00","32 EGLINTON WEST","07:21","Thursday","EGINTON AND MARTINGROV","EFO",14,29,"E",7292
63153,"2026-01-02T00:00:00","32 EGLINTON WEST","06:33","Friday","YORK CIVIC CENTRE","EFO",8,16,"W",1332
63467,"2026-01-04T00:00:00","32 EGLINTON WEST","15:31","Sunday","EGLINTON AND NAIRN (W","EFO",12,24,"E",7245
63734,"2026-01-06T00:00:00","32 EGLINTON WEST","16:28","Tuesday","EGLINTON STATION","EFO",10,20,"None",7219
63938,"2026-01-07T00:00:00","32 EGLINTON WEST","17:26","Wednesday","CEDARVALE STATION","MFUIR",7,14,"None",1327
63992,"2026-01-08T00:00:00","32 EGLINTON WEST","05:14","Thursday","JANE AND TRETHEWEY","EFO",14,14,"W",7251
64108,"2026-01-08T00:00:00","32 EGLINTON WEST","18:19","Thursday","TRETHEWY AND CLEARVIEW","EFO",10,20,"N",1219
64407,"2026-01-10T00:00:00","32 EGLINTON WEST","12:48","Saturday","EGLINTON AND OAKWOOD","MFSH",12,24,"E",6606
65017,"2026-01-15T00:00:00","32 EGLINTON WEST","05:07","Thursday","EGLINTON STATION","MFWEA",10,20,"W",7327
65112,"2026-01-15T00:00:00","32 EGLINTON WEST","06:45","Thursday","EGLINTON AND RICHARDSO","MFWEA",8,16,"None",7206
65114,"2026-01-15T00:00:00","32 EGLINTON WEST","06:46","Thursday","JANE AND EGLINTON","MFWEA",14,28,"W",1305
65449,"2026-01-15T00:00:00","32 EGLINTON WEST","18:51","Thursday","EGLINTON AND WALKWAY","EFO",12,24,"E",6628
65479,"2026-01-15T00:00:00","32 EGLINTON WEST","20:12","Thursday","EGLINTON AND WINCOTT","TFCNO",20,40,"W",1371
65498,"2026-01-15T00:00:00","32 EGLINTON WEST","21:28","Thursday","555 TRETHEWEY DR","MFWEA",14,28,"E",7312
65689,"2026-01-16T00:00:00","32 EGLINTON WEST","15:41","Friday","EGLINTON AND JANE","TFCNO",10,20,"W",7215
65752,"2026-01-16T00:00:00","32 EGLINTON WEST","17:51","Friday","EGLINTON AND BATHURST","MFUS",0,0,"E",7297
66098,"2026-01-18T00:00:00","32 EGLINTON WEST","15:17","Sunday","EMMETT AND JANE","EFB",24,48,"E",7239
66211,"2026-01-19T00:00:00","32 EGLINTON WEST","09:44","Monday","EGLINTON STATION","EFO",12,24,"W",6622
66260,"2026-01-19T00:00:00","32 EGLINTON WEST","15:54","Monday","EGLINTON AND JANE","TFPD",10,20,"E",7216
66355,"2026-01-20T00:00:00","32 EGLINTON WEST","08:24","Tuesday","EGLINTON AND WESTON","EFHVA",8,16,"E",7312
66421,"2026-01-20T00:00:00","32 EGLINTON WEST","14:35","Tuesday","233 DUPLEX AVE","EFO",10,20,"S",1305
66476,"2026-01-20T00:00:00","32 EGLINTON WEST","23:34","Tuesday","PINE AND LAWRENCE","SFDP",16,32,"N",7266
66579,"2026-01-21T00:00:00","32 EGLINTON WEST","12:46","Wednesday","THRETHEWAY AND CLEARVI","MFDV",15,27,"E",0
66643,"2026-01-21T00:00:00","32 EGLINTON WEST","15:55","Wednesday","CEDARVALE STATION","MFO",22,44,"None",7323
66749,"2026-01-22T00:00:00","32 EGLINTON WEST","06:34","Thursday","CEDERVALE STATION","TFO",10,20,"E",7312
67042,"2026-01-23T00:00:00","32 EGLINTON WEST","17:09","Friday","CEDARVALE STATION","EFO",20,40,"None",1331
67074,"2026-01-23T00:00:00","32 EGLINTON WEST","19:48","Friday","EGLINTON AND DUPLEX","MFSH",10,20,"W",7270
67148,"2026-01-24T00:00:00","32 EGLINTON WEST","09:00","Saturday","EGLINTON WEST STATION","MFSH",12,24,"E",1325
67308,"2026-01-25T00:00:00","32 EGLINTON WEST","10:58","Sunday","CEDARVALE STATION","MFWEA",0,0,"None",0
67654,"2026-01-26T00:00:00","32 EGLINTON WEST","10:57","Monday","CEDARVALE STATION - BU","TFPD",0,0,"None",1349
67755,"2026-01-26T00:00:00","32 EGLINTON WEST","15:50","Monday","545 TRETHEWEY","EFO",10,20,"E",7235
67887,"2026-01-27T00:00:00","32 EGLINTON WEST","07:08","Tuesday","3594 EGLINTON AVE W","MFSH",16,32,"W",7257
67931,"2026-01-27T00:00:00","32 EGLINTON WEST","08:53","Tuesday","EGLINTON AND GABIAN WA","MFUI",8,16,"E",6614
68170,"2026-01-28T00:00:00","32 EGLINTON WEST","07:52","Wednesday","BLACKHORN AND NAIRN","MFUS",0,0,"None",0
68401,"2026-01-29T00:00:00","32 EGLINTON WEST","05:43","Thursday","TORONTO INTERNATIONAL","MFUI",0,0,"None",1332
68431,"2026-01-29T00:00:00","32 EGLINTON WEST","07:36","Thursday","RENFORTH STATION","EFO",8,16,"E",6622
68588,"2026-01-29T00:00:00","32 EGLINTON WEST","19:30","Thursday","EGLINTON AND GLEN CEDA","EFO",12,24,"E",7218
68625,"2026-01-30T00:00:00","32 EGLINTON WEST","05:07","Friday","EGLINTON STATION","TFCNO",10,20,"W",1353
68640,"2026-01-30T00:00:00","32 EGLINTON WEST","05:48","Friday","JANE AND TRETHEWEY","TFCNO",10,20,"E",7310
68693,"2026-01-30T00:00:00","32 EGLINTON WEST","08:16","Friday","EMMETT AND VERONA","EFHVA",16,32,"E",1361
68922,"2026-01-31T00:00:00","32 EGLINTON WEST","12:15","Saturday","RENFORTH STATION","EFO",12,24,"E",7287
68969,"2026-01-31T00:00:00","32 EGLINTON WEST","16:54","Saturday","EGLINTON STATION TO RE","MFUS",0,0,"E",7241
